words,frequency
เกลียว,1
เกียร์,1
เครน,1
เคลื่อน,1
เจ้าหน้าที่,1
เชื่อม,1
เชื่อมซ่อม,1
เดินท่อ,1
เดิม,1
เบลี่ยน,1
เบอร์,1
เปลี่ยนแอร์,1
เป่า,1
เผา,1
เสริม,1
เสียดสี,1
เอียง,1
แตก,1
แต่งดิน,1
แต่งปูน,1
แท่ง,1
แนวท้า,1
แบต,1
แพลตฟอร์ม,1
แมลง,1
แรก,1
แอร์ใน,1
แอร์ตู้,1
แอร์รั่ว,1
โทรศัพท์,1
โลโก้,1
โหลดเคมี,1
โอเลฟินส์,1
ไดอะเฟรม,1
ไล่,1
กรอก,1
กระตุก,1
กระปุก,1
กอง,1
กั้น,1
กันแดด,1
กางเครน,1
การ์ดเพาเวอร์,1
กุญแจ,1
ข้น,1
ขนตู้,1
ขนถัง,1
ขนปูน,1
ขบวนการ,1
ขยับ,1
ขอย้าย,1
คณะกรรมการ,1
ครอบ,1
ครอบราง,1
ครั้ง,1
คอยล์,1
คอร์ริ่ง,1
คัดเลือก,1
คาด,1
คาดเคลื่อน,1
คาร์บอน,1
จดมิเตอร์,1
จักรย้าย,1
จักรรถ,1
จัดเก็บ,1
จารบี,1
จำกัด,1
จำนวน,1
จี้,1
จุดเตา,1
จุดตั้ง,1
จุดที่,1
จุดวาง,1
ชม,1
ช่วยเหลือ,1
ชัน,1
ชั่วคราว,1
ซ่อมเครน,1
ซ่อมแซม,1
ซ่อมแอร์,1
ซ่อมแอร์รั่ว,1
ซ่อมก้านวาล์ว,1
ซ่อมคาน,1
ซ่อมบ่อ,1
ซ่อมบาน,1
ซ่อมปิด,1
ซ่อมปูน,1
ซูปเปอร์,1
ดอก,1
ดินสไลด์,1
ตกค้าง,1
ตรวจการณ์,1
ตักหิน,1
ตั้งเต้า,1
ตั้งการ์ด,1
ต้านทาน,1
ติดตั้ง,1
ติดตั้ง,1
ติดตั้งมอเตอร์,1
ตู้,1
ตู้ไฟ,1
ถนนหลัง,1
ถอดไป,1
ถอดท่อ,1
ถอดมิเตอร์,1
ถังน้ำมัน,1
ทดแทน,1
ทองแดง,1
ที่รั่ว,1
น้ำหนัก,1
น้ำหยด,1
นิ้ว,1
บอลลูน,1
บันได,1
บาง,1
บางช่วง,1
บานพับ,1
บุคคล,1
ปกติ,1
ปจ,1
ประเภท,1
ประปา,1
ปรับเคมี,1
ปรับแต่งดิน,1
ปลอก,1
ปลั๊ก,1
ปิดฝา,1
ปูนขา,1
ฝาปิด,1
ฝุ่น,1
พบ,1
พร้อม,1
พอ,1
พันหัว,1
พาหะ,1
พิกัด,1
พิษ,1
พืช,1
พื้นปูน,1
พุกเหล็ก,1
มอเตอร์พัดลม,1
มุม,1
ยกเว้น,1
ยกถัง,1
ยกย้าย,1
ยกรื้อ,1
ยอดเยี่ยม,1
ยาแนว,1
ยาง,1
ยางมะตอย,1
ย้าย,1
ย้ายถัง,1
ยาว,1
รอกโซ่,1
รองถัง,1
รองน้ำ,1
รอบบ่อ,1
รอยรั่ว,1
รอยรั่วซึม,1
ระเบียบ,1
ระบายน้ำ,1
รางเคเบิล,1
รางน้ำ,1
ราชการ,1
รายละเอียด,1
ริม,1
ลด,1
ลดกลิ่น,1
ลวด,1
ล็อค,1
ลองเอา,1
ละ,1
ลึก,1
ลูกปัด,1
ลูกปูน,1
วัดและ,1
ว่าง,1
วาล์วที่,1
วิ่ง,1
วิธี,1
วีดีโอ,1
สแกน,1
สลับเฟส,1
สว่าง,1
สัญญา,1
สาเหตุ,1
สาบ,1
สายดินขาด,1
สายพานพัดลม,1
สีดำ,1
สูญหาย,1
หน่วย,1
หนัก,1
หนาใน,1
หน้างาน,1
หน้าต่าง,1
หน้าผิว,1
หมายเลข,1
หยอด,1
หลุด,1
ห้องน้ำ,1
หัวเกียร์,1
หัวจุด,1
หัวถัง,1
หาง,1
หางหนู,1
หารั่ว,1
อนุมัติ,1
อยู่,1
อัดแต่ง,1
อัดดินแนว,1
อัดน๊อต,1
อาจ,1
อื่น,1
เก็บที่,2
เกลี่ย,2
เข็น,2
เคลม,2
เจาะคอนกรีต,2
เจาะยึด,2
เจียร์ปูน,2
เชือก,2
เดินไลน์,2
เดินสาย,2
เต็นท์,2
เลาะ,2
เหลือ,2
เอกสาร,2
แก๊ส,2
แขวนรอก,2
แต่งดินแนว,2
แทน,2
แนวท้าย,2
แรง,2
โครงเหล็ก,2
โฟม,2
กำลัง,2
กิ๊บล็อก,2
ขนเศษ,2
ขนเสา,2
ขนท่อ,2
ขนย้ายเศษ,2
ขนส่ง,2
ข้อ,2
ขัดหนัา,2
ขันน็อต,2
ขึง,2
คลีน,2
คลุม,2
จักรบรรทุก,2
จักรยก,2
จ่าย,2
ฉีดน้ำ,2
ช่วย,2
ชิ้น,2
ชีวิต,2
ชื้น,2
ซ่อมพื้น,2
ดัน,2
ดินปรับ,2
ต่อเนื่อง,2
ตะแกรง,2
ตัดเซาะ,2
ติดตั้งตู้,2
ถอดเจาะ,2
ทดลอง,2
ทราย,2
น้ำทิ้ง,2
น้ำที่,2
ประตูลูกบิด,2
พื้นคาน,2
ภาพ,2
มาก,2
ม่าน,2
ยกเปลี่ยน,2
ยกตู้,2
ยานพาหนะ,2
รอบ,2
ราว,2
ลากไฟ,2
วัดเทียบ,2
วัดเสียง,2
วัดว่ากระแส,2
วัน,2
วาล์วเปิด,2
ศูนย์กลาง,2
สายไฟงาน,2
สุด,2
หน้าตึก,2
หน้าตู้,2
หลักฐาน,2
ห้ว,2
หอ,2
อุตสาหกรรม,2
เข็ม,3
เข็มหัก,3
เติมน้ำ,3
เริ่ม,3
เวลา,3
เส้น,3
เหล็กเท,3
แนบ,3
โคมไฟ,3
โชว์,3
ไข่แดง,3
ไอ,3
กระเช้า,3
กว่า,3
การ์ดจอ,3
ขนดิน,3
ขัดอัด,3
ขาด,3
จด,3
จมน้ำ,3
จักรงาน,3
ฉนวนแอร์,3
ชนิด,3
ซ่อมท่อ,3
ตก,3
ตรงข้าม,3
ตอก,3
ตั้งตู้,3
บริษัท,3
บิด,3
ประเมิน,3
ปรับแต่ง,3
ป้องกัน,3
ปัก,3
ป้าย,3
ปี,3
ปุ่ม,3
ปูนฐาน,3
ผู้,3
พัดลม,3
รอบถัง,3
รั้ว,3
ราคา,3
ร้านเเขวนรอก,3
ร้านเปลี่ยน,3
ร้านหน้า,3
รื้อสาย,3
วัดความหนา,3
สายแลน,3
สายพาน,3
หน้าจอ,3
หน้าท่อ,3
หมุด,3
หยด,3
เก่า,4
เซาะ,4
เพลิง,4
แปลง,4
แสง,4
ใต้,4
ขนาด,4
ขาว,4
จอด,4
ช่วง,4
ชิ้นงาน,4
ชุด,4
ดินแนว,4
ต้น,4
ตรวจเช็ค,4
ติดตั้งที่,4
ถนน,4
ถอดส่ง,4
ประจำ,4
ประมาณ,4
ผล,4
ฝน,4
พาคน,4
ยึด,4
รอง,4
ร้านเกิน,4
ลอง,4
วัดค่า,4
หม้อ,4
อาการ,4
อ้างอิง,4
เเขวนรอก,5
เขต,5
เคลือบ,5
เท,5
เท่า,5
กระจก,5
กล่อง,5
ก่อน,5
คอนเทนเนอร์,5
ซ่อมโคม,5
ผ้า,5
ยกฝา,5
ระหว่าง,5
ลบ,5
ลิตร,5
สภาพ,5
สลิง,5
สารเคมี,5
หา,5
เเนวรั้ว,6
เจาะคอลิ่ง,6
เจาะรู,6
เทียบ,6
เรียบร้อย,6
เฮี๊ยบ,6
แล้ว,6
โครง,6
ใบ,6
ก่อสร้าง,6
ขยะ,6
ดับ,6
ดูดทราย,6
ตอน,6
ผลัก,6
พา,6
รอก,6
ระยะ,6
รางเครน,6
วัสดุ,6
สกัดปูน,6
สติ๊กเกอร์,6
สำรวจ,6
สูบ,6
เข้าหน้า,7
เนื่อง,7
เปล่า,7
แกะ,7
แขวน,7
โครงการ,7
โรง,7
ไม้,7
กลับคืน,7
จักรปรับ,7
ตาข่าย,7
ปฏิบัติ,7
ปีน,7
ลูก,7
วัดระยะ,7
วิเคราะห์,7
สอบ,7
เชื่อมท่อ,8
เสี่ยง,8
โครงสร้าง,8
คอมพิวเตอร์,8
ตำแหน่ง,8
ปัด,8
สัญญาณ,8
สาด,8
เส้นทาง,9
แผง,9
ใกล้,9
กราวด์,9
ฉนวน,9
ฐาน,9
ตาม,9
ทาง,9
รั่ว,9
ร้านงาน,9
สายมอเตอร์,9
อัดดิน,9
แยก,10
เคลื่อนย้าย,10
เอา,10
แจ้ง,10
โคม,10
ข้อมูล,10
จัด,10
อับ,10
เก็บงาน,11
แก้,11
แสตนบาย,11
ทิ้ง,11
ปรับดิน,11
พัก,11
อนุญาต,11
เสียง,12
ใหม่,12
ได้,12
ขนขยะ,12
ค้าง,12
ดัด,12
ถอดอุปกรณ์,12
ถาด,12
เศษ,13
ขนทราย,13
ขยาย,13
บดอัด,13
ปรับเกลี่ย,13
วาล์ว,13
เพิ่ม,14
กลับ,14
ขึ้น,14
ฉีด,14
ปลด,14
สาร,14
ใส่,15
ไว้,15
ดูด,15
สูงเกิน,15
การ์ด,16
ประตู,16
เเละ,17
เข็มเจาะ,17
เยี่ยมชม,17
โหลด,17
ถม,17
น้ำยา,18
สำหรับ,18
ห้อง,18
เป็น,19
เสา,19
ขัดสนิมทาสี,19
รับ,19
สนิม,19
สายไฟ,19
เครื่อง,20
เคลียร์,20
เชื่อมเจียร์,20
เชื่อมเจียร์ใน,20
เชื่อมเจียร์ยก,20
เปรียบเทียบ,20
เพี้ยน,20
เสีย,20
แคปซูล,20
โซ่,20
โพลีเมอร์,20
ให้,20
ไขควง,20
ไม่เกิน,20
กราวด์,20
ขัดน็อต,20
ขึ้นไป,20
คอยล์แอร์,20
คืนอุปรณ์,20
งานทาสี,20
ชำรุด,20
ซิลิโคน,20
ซีล,20
ตั้งนั่งร้าน,20
ตั้งวาล์ว,20
ตัดเจียร์,20
ต้านเกลียว,20
ติดตั้ง,20
บรรทุกปูน,20
ประลูกบิด,20
ผ่าน,20
พื้นที่แนว,20
มาบตาพุด,20
มาบตาพุตโอเลฟินส์,20
ย้ายอุปกรณ์,20
รถยนต์,20
รอย,20
รั้วสูง,20
รื้อเต็นท์,20
รู,20
ลม,20
สตาร์ท,20
สูงไม่,20
หุ้มฉนวน,20
อนุญาต,20
อนุญาตการ,20
อัดเจาะ,20
แปลน,21
ข้าม,21
ยิง,21
ส่งคืน,21
กวาดตะกอน,22
อับอากาศ,22
คาน,23
ปิด,23
บดอัดดิน,24
เลื่อย,25
กระบวน,25
ทดสอบ,25
เทคอนกรีต,26
ผลิต,26
มี,26
ระบาย,26
หัว,26
กัด,27
ลง,27
สายกราวด์,27
แอร์,28
ยา,28
ถังสารเคมี,29
นอก,29
กล้อง,30
ดู,30
ราง,30
กับ,31
ข้าง,31
หลอด,31
สลับ,32
หลัง,32
ลาก,34
หลังคา,34
กระแส,35
น้ำมัน,35
ต่อ,37
ฝา,37
วาง,37
บริเวณ,38
อาคาร,39
อ่าน,40
ส่อง,41
ออก,42
ปล่อง,43
ไฟฟ้า,44
ทา,44
ท้าย,46
ขัน,47
เทปูน,48
คุณภาพ,50
คน,51
โดย,52
ขัดสนิม,52
พื้น,52
เคมี,53
เจาะสกัด,53
ตู้,53
บรรทุก,53
ขัด,54
คอนกรีต,55
บน,55
สี,55
ย้าย,58
อากาศ,58
มา,59
ภาย,60
ตรวจสอบ,61
จักร,62
ตัดเจาะ,63
ถอดเปลี่ยน,64
การ,65
บ่อ,65
เติม,67
เตา,69
ระดับ,69
ขนย้าย,70
ผิว,70
เจาะ,71
เปิด,71
มอเตอร์,73
เดิน,79
เสียบ,80
ตรวจ,82
บด,82
แนว,83
ไป,83
ไฟ,85
จุด,86
เตรียม,89
น้ำ,90
เครื่องมือ,92
ขอ,92
เช็ค,97
รื้อถอน,98
ติด,99
ระบบ,99
นั่งร้าน,100
ทั่วไป,106
ค่า,108
ซ่อม,113
ขุด,119
ใน,121
ของ,123
ปรับ,126
จาก,128
เครื่อง,132
เก็บ,139
หนา,145
เมตร,147
หน้า,150
เจาะติดตั้ง,159
ปูน,160
เทปูน,163
ไม่,163
สะอาด,165
สกัด,166
ที่,171
ทาสี,173
เกิน,190
ด้วย,197
ผูก,199
พื้นที่,200
ใช้,203
เพื่อ,207
สาย,215
รูป,251
เหล็ก,253
ถ่าย,257
แบบ,260
ดิน,293
ทำ,300
วัชพืช,300
กำจัด,302
ขน,302
ชั้น,304
ท่อ,318
ความ,371
ถอน,382
แก้ไข,386
และ,396
สูง,406
รถ,437
เจียร์,477
หุ้ม,496
เข้า,505
ถอด,569
เปลี่ยน,596
เชื่อม,631
ประกอบ,651
ยก,908
รื้อ,964
งาน,1393
ขนย้าย,1515
อุปกรณ์,1687
ติดตั้ง,1756
